{"cameraMode":{"drawMode":0,"name":"Shaded","section":"Shading Mode"},"sceneLighting":true,"audioPlay":false,"sceneViewState":{"showFog":true,"showMaterialUpdate":false,"showSkybox":true,"showFlares":true,"showImageEffects":true,"showParticleSystems":true},"in2DMode":false,"pivot":{"x":-13.82994556427002,"y":-7.4771881103515629,"z":-16.0218505859375},"rotation":{"x":0.004184596240520477,"y":-0.9942032694816589,"z":0.09906014055013657,"w":0.04207446426153183},"size":9.709943771362305,"orthographic":true}