{"cameraMode":{"drawMode":0,"name":"Shaded","section":"Shading Mode"},"sceneLighting":false,"audioPlay":false,"sceneViewState":{"showFog":true,"showMaterialUpdate":false,"showSkybox":true,"showFlares":true,"showImageEffects":true,"showParticleSystems":true},"in2DMode":false,"pivot":{"x":2.384185791015625e-7,"y":0.18688654899597169,"z":0.0},"rotation":{"x":0.09975981712341309,"y":-0.07216061651706696,"z":-0.0072625260800123219,"w":-0.9923744797706604},"size":0.8044031262397766,"orthographic":false}